kappa,gamma,bayes_alpha,bayes_alpha_std,sigma,bayes_sigma_std,mse_bayes,mle_alpha,mle_alpha_std,mle_sigma,mle_sigma_std,mse_mle
0.1,0.5,0.793451529078939,0.00499776952571547,1.60771159376458,0.0187577002833557,10.38160854574,1.11678801212478,0.00452136053050819,2.4229809929468,0.00706327985015148,23.4969870085019
0.1,1,0.847618984653791,0.00294724012015489,1.71189195440601,0.0130544427456561,2.95379403739797,1.1221957793503,0.00247143529640626,2.61146183058317,0.00729932956831016,6.83466470108383
0.1,3,0.968133582516122,0.00476117322649877,1.97515403567095,0.0148602574708767,0.434485853521839,1.2091578069386,0.00707406075560203,3.90050169821431,0.061265875396963,1.73418182128922
0.1,5,1.01124095218713,0.00682230937564839,2.10417615004106,0.0147828045535759,0.177228649822138,1.37158425440977,0.00970769511326386,5.74611751628882,0.086429655764756,1.45878951856531
0.1,7,1.03098625517781,0.00666696223689618,2.15043899633155,0.0127355205278047,0.0953354108047085,1.77227085146419,0.195484785577234,9.08164722161881,0.378710604147475,2.27959239573422
0.1,9,1.01740856618662,0.00339122747091929,2.16247120639244,0.0269786562668807,0.0580349312442835,2.07400860349558,0.0473477329768232,11.9810253089829,0.617715578586073,2.92565457241325
