kappa,gamma,alpha_mle,sigma_mle,mse_mle,alpha_bayes,sigma_bayes,mse_bayes
0.1,1,1.12408845231438,2.61808254829018,6.86975417365938,0.22520561602478,0.469533637833361,0.82076817449657
0.15,1,1.20515210163395,2.897125462916,8.43542333268108,0.214620444002463,0.454596090279348,0.823478652276157
0.2,1,1.310547871505,3.27152884269919,10.799340949109,0.203699944588875,0.440477160278731,0.828113906974976
0.25,1,1.45479488866086,3.77905422158954,14.4880892004658,0.193388573136145,0.424697852676858,0.830990260015678
0.3,1,1.66774815005425,4.54124003693387,21.068748664952,0.185477798452653,0.412679605268423,0.833750873418038
0.35,1,2.02971168241897,5.87772969375812,35.608012501796,0.176398074537765,0.398641853931195,0.837235459330801
0.4,1,2.38667040750402,6.37635007298507,42.5806950723041,0.170446398845746,0.385882341261967,0.837064358485808
